<?xml version="1.0" encoding="utf-8" standalone="yes" ?>
<rss version="2.0" xmlns:atom="http://www.w3.org/2005/Atom" xmlns:content="http://purl.org/rss/1.0/modules/content/">
  <channel>
    <title>Posts on jiroo.id</title>
    <link>/post/</link>
    <description>Recent content in Posts on jiroo.id</description>
    <generator>Hugo -- gohugo.io</generator>
    <language>en-us</language>
    <lastBuildDate>Mon, 11 Mar 2019 00:00:00 +0000</lastBuildDate>
    
        <atom:link href="/post/index.xml" rel="self" type="application/rss+xml" />
    
    
    <item>
      <title>Markdown Syntax Guide</title>
      <link>/post/markdown-syntax/</link>
      <pubDate>Mon, 11 Mar 2019 00:00:00 +0000</pubDate>
      
      <guid>/post/markdown-syntax/</guid>
      <description>&lt;p&gt;This article offers a sample of basic Markdown syntax that can be used in Hugo content files, also it shows whether basic HTML elements are decorated with CSS in a Hugo theme.&lt;/p&gt;</description>
      
    </item>
    
    <item>
      <title>Rich Content</title>
      <link>/post/rich-content/</link>
      <pubDate>Sun, 10 Mar 2019 00:00:00 +0000</pubDate>
      
      <guid>/post/rich-content/</guid>
      <description>&lt;p&gt;Hugo ships with several &lt;a href=&#34;https://gohugo.io/content-management/shortcodes/#use-hugo-s-built-in-shortcodes&#34;target=&#34;_blank&#34;&gt;Built-in Shortcodes&lt;/a&gt; for rich content, along with a &lt;a href=&#34;https://gohugo.io/about/hugo-and-gdpr/&#34;target=&#34;_blank&#34;&gt;Privacy Config&lt;/a&gt; and a set of Simple Shortcodes that enable static and no-JS versions of various social media embeds.&lt;/p&gt;</description>
      
    </item>
    
    <item>
      <title>Placeholder Text</title>
      <link>/post/placeholder-text/</link>
      <pubDate>Sat, 09 Mar 2019 00:00:00 +0000</pubDate>
      
      <guid>/post/placeholder-text/</guid>
      <description>&lt;p&gt;Lorem est tota propiore conpellat pectoribus de
pectora summo.&lt;/p&gt;</description>
      
    </item>
    
    <item>
      <title>Math Typesetting</title>
      <link>/post/math-typesetting/</link>
      <pubDate>Fri, 08 Mar 2019 00:00:00 +0000</pubDate>
      
      <guid>/post/math-typesetting/</guid>
      <description>&lt;p&gt;Mathematical notation in a Hugo project can be enabled by using third party JavaScript libraries.&lt;/p&gt;</description>
      
    </item>
    
    <item>
      <title>Emoji Support</title>
      <link>/post/emoji-support/</link>
      <pubDate>Tue, 05 Mar 2019 00:00:00 +0000</pubDate>
      
      <guid>/post/emoji-support/</guid>
      <description>&lt;p&gt;Emoji can be enabled in a Hugo project in a number of ways.&lt;/p&gt;</description>
      
    </item>
    
  </channel>
</rss>
