<?xml version="1.0" encoding="utf-8" standalone="yes" ?>
<rss version="2.0" xmlns:atom="http://www.w3.org/2005/Atom" xmlns:content="http://purl.org/rss/1.0/modules/content/">
  <channel>
    <title>Tags on jiroo.id</title>
    <link>/tags/</link>
    <description>Recent content in Tags on jiroo.id</description>
    <generator>Hugo -- gohugo.io</generator>
    <language>en-us</language>
    <lastBuildDate>Mon, 11 Mar 2019 00:00:00 +0000</lastBuildDate>
    
        <atom:link href="/tags/index.xml" rel="self" type="application/rss+xml" />
    
    
    <item>
      <title>css</title>
      <link>/tags/css/</link>
      <pubDate>Mon, 11 Mar 2019 00:00:00 +0000</pubDate>
      
      <guid>/tags/css/</guid>
      <description></description>
      
    </item>
    
    <item>
      <title>html</title>
      <link>/tags/html/</link>
      <pubDate>Mon, 11 Mar 2019 00:00:00 +0000</pubDate>
      
      <guid>/tags/html/</guid>
      <description></description>
      
    </item>
    
    <item>
      <title>markdown</title>
      <link>/tags/markdown/</link>
      <pubDate>Mon, 11 Mar 2019 00:00:00 +0000</pubDate>
      
      <guid>/tags/markdown/</guid>
      <description></description>
      
    </item>
    
    <item>
      <title>themes</title>
      <link>/tags/themes/</link>
      <pubDate>Mon, 11 Mar 2019 00:00:00 +0000</pubDate>
      
      <guid>/tags/themes/</guid>
      <description></description>
      
    </item>
    
    <item>
      <title>privacy</title>
      <link>/tags/privacy/</link>
      <pubDate>Sun, 10 Mar 2019 00:00:00 +0000</pubDate>
      
      <guid>/tags/privacy/</guid>
      <description></description>
      
    </item>
    
    <item>
      <title>shortcodes</title>
      <link>/tags/shortcodes/</link>
      <pubDate>Sun, 10 Mar 2019 00:00:00 +0000</pubDate>
      
      <guid>/tags/shortcodes/</guid>
      <description></description>
      
    </item>
    
    <item>
      <title>text</title>
      <link>/tags/text/</link>
      <pubDate>Sat, 09 Mar 2019 00:00:00 +0000</pubDate>
      
      <guid>/tags/text/</guid>
      <description></description>
      
    </item>
    
    <item>
      <title>emoji</title>
      <link>/tags/emoji/</link>
      <pubDate>Tue, 05 Mar 2019 00:00:00 +0000</pubDate>
      
      <guid>/tags/emoji/</guid>
      <description></description>
      
    </item>
    
    <item>
      <title>index</title>
      <link>/tags/index/</link>
      <pubDate>Mon, 01 Jan 0001 00:00:00 +0000</pubDate>
      
      <guid>/tags/index/</guid>
      <description></description>
      
    </item>
    
  </channel>
</rss>
