<?xml version="1.0" encoding="utf-8" standalone="yes" ?>
<rss version="2.0" xmlns:atom="http://www.w3.org/2005/Atom" xmlns:content="http://purl.org/rss/1.0/modules/content/">
  <channel>
    <title>emoji on jiroo.id</title>
    <link>/tags/emoji/</link>
    <description>Recent content in emoji on jiroo.id</description>
    <generator>Hugo -- gohugo.io</generator>
    <language>en-us</language>
    <lastBuildDate>Tue, 05 Mar 2019 00:00:00 +0000</lastBuildDate>
    
        <atom:link href="/tags/emoji/index.xml" rel="self" type="application/rss+xml" />
    
    
    <item>
      <title>Emoji Support</title>
      <link>/post/emoji-support/</link>
      <pubDate>Tue, 05 Mar 2019 00:00:00 +0000</pubDate>
      
      <guid>/post/emoji-support/</guid>
      <description>&lt;p&gt;Emoji can be enabled in a Hugo project in a number of ways.&lt;/p&gt;</description>
      
    </item>
    
  </channel>
</rss>
