<?xml version="1.0" encoding="utf-8" standalone="yes" ?>
<rss version="2.0" xmlns:atom="http://www.w3.org/2005/Atom" xmlns:content="http://purl.org/rss/1.0/modules/content/">
  <channel>
    <title>jiroo.id</title>
    <link>/</link>
    <description>Recent content on jiroo.id</description>
    <generator>Hugo -- gohugo.io</generator>
    <language>en-us</language>
    <lastBuildDate>Mon, 11 Mar 2019 00:00:00 +0000</lastBuildDate>
    
        <atom:link href="/index.xml" rel="self" type="application/rss+xml" />
    
    
    <item>
      <title>Posts</title>
      <link>/post/</link>
      <pubDate>Mon, 11 Mar 2019 00:00:00 +0000</pubDate>
      
      <guid>/post/</guid>
      <description></description>
      
    </item>
    
    <item>
      <title>About</title>
      <link>/about/</link>
      <pubDate>Thu, 28 Feb 2019 00:00:00 +0000</pubDate>
      
      <guid>/about/</guid>
      <description>Written in Go, Hugo is an open source static site generator available under the Apache Licence 2.0. Hugo supports TOML, YAML and JSON data file types, Markdown and HTML content files and uses shortcodes to add rich content. Other notable features are taxonomies, multilingual mode, image processing, custom output formats, HTML/CSS/JS minification and support for Sass SCSS workflows.
Hugo makes use of a variety of open source projects including:
 https://github.</description>
      
    </item>
    
    <item>
      <title>cTrader Copy</title>
      <link>/ctradercopy/</link>
      <pubDate>Thu, 28 Feb 2019 00:00:00 +0000</pubDate>
      
      <guid>/ctradercopy/</guid>
      <description>You can see my cTrader Copy Strategy using this link:
https://ct.spotware.com/profiles
Use this inverstor password: b8c1AFtA</description>
      
    </item>
    
  </channel>
</rss>
