<?xml version="1.0" encoding="utf-8" standalone="yes" ?>
<rss version="2.0" xmlns:atom="http://www.w3.org/2005/Atom" xmlns:content="http://purl.org/rss/1.0/modules/content/">
  <channel>
    <title>index on jiroo.id</title>
    <link>/tags/index/</link>
    <description>Recent content in index on jiroo.id</description>
    <generator>Hugo -- gohugo.io</generator>
    <language>en-us</language>
    
        <atom:link href="/tags/index/index.xml" rel="self" type="application/rss+xml" />
    
    
    <item>
      <title>Posts</title>
      <link>/post/</link>
      <pubDate>Mon, 11 Mar 2019 00:00:00 +0000</pubDate>
      
      <guid>/post/</guid>
      <description></description>
      
    </item>
    
  </channel>
</rss>
